id,first_name,last_name,email,gender
1,Hyacinthie,Rawcliffe,hrawcliffe0@ocn.ne.jp,Female
2,Dolli,Pantlin,dpantlin1@so-net.ne.jp,Female
3,Marlie,Pedler,mpedler2@ifeng.com,Female
4,Alysa,Dovermann,adovermann3@bravesites.com,Female
5,Ennis,Moizer,emoizer4@cnn.com,Male
6,Dolf,Edsell,dedsell5@unesco.org,Male
7,Olenolin,Wallsworth,owallsworth6@wufoo.com,Male
8,Hope,Farman,hfarman7@usda.gov,Female
9,Jada,Gallen,jgallen8@tripadvisor.com,Agender
10,Gradeigh,MacIlhagga,gmacilhagga9@dailymail.co.uk,Male
11,Ronald,Lucius,rluciusa@google.ca,Male
12,Charmane,Cuddy,ccuddyb@latimes.com,Female
13,Horten,Yitzhakof,hyitzhakofc@hatena.ne.jp,Male
14,June,Piolli,jpiollid@slashdot.org,Female
15,Ellerey,Concannon,econcannone@feedburner.com,Male
16,Sindee,Delnevo,sdelnevof@indiatimes.com,Female
17,Arnoldo,Croker,acrokerg@squarespace.com,Male
18,Francesco,Hegden,fhegdenh@acquirethisname.com,Male
19,Britteny,Meads,bmeadsi@ftc.gov,Female
20,Marje,Doust,mdoustj@drupal.org,Female
21,Shelbi,Weepers,sweepersk@livejournal.com,Female
22,Kienan,Wards,kwardsl@free.fr,Male
23,Jayne,Leebetter,jleebetterm@hugedomains.com,Female
24,Sandy,Edgcombe,sedgcomben@seattletimes.com,Female
25,Carleen,Lambertazzi,clambertazzio@purevolume.com,Female
26,Jillene,Klulicek,jklulicekp@bluehost.com,Female
27,Meir,Caplin,mcaplinq@delicious.com,Male
28,Roderick,Esgate,resgater@sitemeter.com,Male
29,Cristobal,Aylott,caylotts@globo.com,Male
30,Wallache,Trevon,wtrevont@adobe.com,Agender
31,Amanda,Mattei,amatteiu@usda.gov,Agender
32,Domeniga,Earwicker,dearwickerv@naver.com,Female
33,Irina,Lichfield,ilichfieldw@cmu.edu,Female
34,Dena,Trustey,dtrusteyx@squarespace.com,Female
35,Archy,Truwert,atruwerty@businessweek.com,Male
36,Bjorn,Ishchenko,bishchenkoz@mapy.cz,Male
37,Idette,Alderman,ialderman10@miibeian.gov.cn,Female
38,Boniface,Bortol,bbortol11@clickbank.net,Male
39,Rheta,Penning,rpenning12@house.gov,Female
40,Andie,Wurz,awurz13@icq.com,Female
41,Ludvig,Byres,lbyres14@archive.org,Male
42,Cecil,Normant,cnormant15@comsenz.com,Female
43,Vito,Devers,vdevers16@cnbc.com,Bigender
44,Barney,Mebius,bmebius17@live.com,Male
45,Cortney,Laban,claban18@ucsd.edu,Female
46,Kathy,Gilroy,kgilroy19@ibm.com,Female
47,Wait,Pitbladdo,wpitbladdo1a@usatoday.com,Male
48,Ardelis,Yaakov,ayaakov1b@theglobeandmail.com,Female
49,Arte,Overington,aoverington1c@wikimedia.org,Male
50,Pattin,Pink,ppink1d@netvibes.com,Male
51,Pattin,Pink,ppink1d@netvibes.com,Male

